X,Y,Z,roll,pitch,yaw,success
-0.7722007606600281,0.7234183131991335,-0.33783240046262425,1.007929060374298,2.2753011796092033,0.6630854370106469,False
-0.1318166716841657,0.41246000971556823,-0.6524102029883905,1.0143112372018541,-0.5262669152605561,1.0803997845537503,True
-0.8936048149735107,2.7090193310288306,-0.6314966863987528,-1.0177418839437982,0.6690384796755484,-1.4702656852239588,False
-0.5041460789814798,-1.4595074113592477,1.6355451503331306,-0.9912816223358208,-0.43016341151815973,1.1408389739710316,True
-0.8017628228490645,1.2352752631708077,0.4548366490754055,1.000916191552086,0.8434652002867734,-1.1662797099855295,False
1.122146337960736,1.6088425835581526,-2.5278767841548295,-1.0159947606103235,-1.581672461444212,1.3985922613986614,True
0.6473102650841922,1.7197597231631816,-1.6130914972529518,1.0237147247622425,0.770487229616534,1.009862629684337,True
-0.017036015663854487,0.11033779797158548,0.7875513998399447,-1.0194682876421792,1.6535015103673263,-0.765007519164243,True
-0.005504582848067616,0.7730265341430793,1.2332992712927084,1.0300903967952786,1.0283731244514374,-1.328682418691484,False
-0.36265363784537485,-0.6616039284727843,-1.0986919348554518,-1.0118152435184056,1.5985561077419876,-1.56537010530898,False
-0.3443001282000935,1.4006427704510716,-0.125301158936428,1.0122858402441,-0.1711527406756698,1.0184292925871519,True
-0.5458533838512537,-1.208012170200812,2.4431027324139856,0.9926439356607785,0.1573164463355894,-0.15946561123209546,False
2.3768938747458317,1.1136462149822883,-1.9140519917663417,1.0166080700150473,0.1314768843222961,-1.5853115522990908,False
1.3217406888691918,-0.11840719853858056,-0.7638299015297132,-1.0050580130054354,0.9905065886152072,-1.3378998379604912,False
-2.236745140654667,0.893217876944371,1.2910082512237921,1.0064060429809374,-2.3255046361712814,1.7249820662842403,False
-0.61500875746908,0.6649830324193517,-0.040278680221441675,-1.0114619153004438,1.9767627383301243,-1.3598652269598357,False
-0.9411090535643324,0.5580561213440817,-0.7215613364398712,-1.0182038593834053,0.7670758218225351,-1.5879288435178447,False
2.2605269168461652,-1.2248459519376371,1.740094034646096,0.9997641082157274,0.8575975690862382,-1.2788298587691562,True
0.8768832425483746,0.11887946659541229,-2.1947118898387727,1.0169860690634829,0.9911314259932671,0.8273672208530303,False
0.6776221756944592,-1.2848750817941899,-0.06582806713341642,-1.0098372778574367,0.5890076495683679,-0.4762982299770075,False
0.037434950488768035,-0.5208386401656728,0.21837130349894715,1.0265438365267994,-0.6351565921889682,-0.07226015042700346,True
1.4819997439919077,0.3196549863528898,0.007172079852005998,0.9976433240406068,0.4136346757510574,-1.396673926825685,True
-1.1401527765055242,-0.37612223188971516,0.2723189724229244,-1.0000022093654015,0.26329148546931774,-1.2274938991259114,False
0.6395516103835278,-1.6535257006655588,-0.5724186868452782,0.9930679914702477,0.5396348722540187,1.3953269347781554,True
-0.5914410213436972,-2.4406195202694962,1.7993855300221828,1.0279521890208316,-0.5690994581161226,-0.006653282857773231,False
-2.300220581448759,0.4017143449156484,-0.9781600485804096,1.0301334209567514,-0.4249954584256514,1.3713832670178923,True
1.7372129436484436,0.5110873040267015,0.4705955576486149,-0.9716836485132737,-0.33103062703480735,0.21628265451901843,False
0.20802719508896056,-0.8542694083012395,1.3812709412152893,1.004554757765285,-1.2494525545430204,0.8708848872074103,True
0.16920857567916833,-1.5559931910280944,1.8004981726597376,-1.0206937772092772,0.4166397382260227,-0.22740999106302587,True
-0.1878158535230672,-1.049990331370384,-0.034943425347451935,1.0086172502690138,-0.35634286529980524,1.3670146429218617,False
0.4468126498284569,-0.32344282995279416,0.012319930920853334,-1.0052013977240015,1.2429096869409455,1.6335613261375903,True
0.8687057039419097,-0.17582260012321524,-1.1987441165581698,-0.9929139860793393,0.006402025936766813,-0.408639246303754,False
0.2196775215026612,-1.673787734784886,-0.8381683715262302,1.0294370603340153,-0.7034353014202669,-1.476745578289666,True
0.017034393451337237,-0.7728941454934554,0.8351303339903814,0.9975485422651499,2.065569396466696,1.543573760547682,False
0.4466310500244728,-0.604055706939595,2.0173933800003945,-0.9831315256471057,2.2799040147410055,-1.5410771149509346,False
-0.6721794896944999,-0.7066230144299763,0.19099082426647182,1.0276802296951617,0.3563637183513636,0.8117723793769313,False
-0.5773073231310076,-0.8424771335108534,0.1681834030060904,1.0284542055668704,-0.9555254266520898,0.039373897508237866,True
-0.24125489497779232,0.8719199602611671,0.3231668438503432,0.9677792772031106,0.30235456415037404,0.9752221893942036,False
1.0444054995951297,0.02955791988344961,-0.6140914110446863,-0.9741647159880448,-0.36918148659683764,-1.3466999336943595,False
-0.5023150514736393,1.057933436057265,2.3739031458307758,1.023565265333467,-1.5622855101213324,1.0739710302794232,False
-0.60587085527587,-1.1989961518187844,-0.8882223080446532,1.0042831389690376,0.8618085422607871,-0.9096154836932432,True
0.22707374393757188,-0.6480982885044145,1.6264293771683156,-1.0093955351542523,-2.0730340883268,-0.3607908775014448,False
-1.1015907672837801,-0.4736639177713139,-0.004288723854554828,-1.0104470656617133,-1.33774466191077,1.5760596299870788,True
-1.1358328074654551,-2.09537743027473,-0.3641736869548607,1.0104915032193544,0.5651155056107078,-1.5400854629431981,True
1.4526396131855233,0.38251080017495886,1.1967225196185667,0.998478896657087,0.4138706432245284,0.300665835228022,False
0.45174619748486033,0.8057845536487619,-0.6165321899998266,0.9808882603124324,-0.3218794148325329,0.8299781851763703,True
-0.25190481082419547,0.3428649025789743,-0.694648291408848,0.9858789229605407,0.7197360808531402,-1.5362450958682028,True
2.006953243009905,-1.0728157112763494,-0.09219576161752711,-0.9565245892207896,-0.5312294060879769,-1.6460756462382993,True
-0.6055739615127828,0.09139855304532132,0.8800200181338158,-1.0096634584828876,-1.3745611020774402,-0.7441001602404891,False
-1.6877550799555454,0.015068070086666888,-0.7768099409125429,-0.9987598252518433,0.1621138815372454,-0.10672767693268985,False
-0.6427102137426599,-0.6440454706887097,0.05920285980723486,-1.0148706319974414,-0.48392071500811157,1.2743949597264899,True
1.5607267555088102,1.4035868701775713,-0.454139532572591,-0.9870048649423958,-1.1455542926212998,1.1882574461936404,False
0.6609072958092435,-0.3911252308964884,0.23639546875638565,-1.0050086775396847,0.28333270661767007,0.23143771109121258,False
2.1305194432247885,0.7934932408272065,0.47490986447387445,1.0095675337066368,-0.7140303275782528,0.3959910607574009,False
-0.49521354279635993,-1.172334746253377,1.6541953457787772,0.9925044237499885,-0.49545130351496514,-0.37824872037732865,False
0.008876912341864933,-0.3963905967949572,1.7258087998097293,0.9990283799741576,1.5227719398696233,0.5356654646458662,False
1.410975058973592,0.3897379862859708,0.8799553076392477,1.0030941196250036,2.34697974144687,-1.078002477109538,True
-0.9950849836042633,-0.35102687850565084,-0.48086519346709095,0.9796717160958636,0.7219387262507335,-0.0499249214404974,False
0.20441767758753587,0.4586381566137189,-0.5206578758534854,-0.9855052265667599,1.0133395814264192,-0.34061725994644815,False
0.4084773201791708,-0.38271157607724354,0.8618914821861949,0.9622843153183243,0.24435718510713159,1.2206916538103096,False
0.3159999632422813,-0.6185495608906972,0.5722257481353131,0.9520010346843923,2.6068271344236296,1.1422293723725139,False
-1.1186236187618606,-2.122269099350377,0.18064455745266822,-0.9879943704371772,-0.49586379063361136,1.5466962417268093,False
-0.6438467300520506,-0.7822705692850709,0.1857695199345455,1.0299387489988465,-1.0752285314838035,-0.8824311593964175,True
0.23073077285816507,1.0858189658305384,-1.6362895624469747,-1.0137084150418596,0.48027567230395646,1.0892267784250533,False
-0.4332758761671112,0.11758141661009884,-1.206429041926329,0.9798594323909507,1.1434550582903433,0.04345093170512327,True
0.38783624888685686,0.5135132705521404,0.33777607477056903,-1.0202452714364278,1.3131295040208273,-0.7039292899559657,True
-1.4991129094101219,-0.1930275887471773,0.3629088243689415,1.0043330574942204,-0.15338793452143837,-1.6466426037904494,True
-0.6183577687696343,0.11112572489571623,0.45866020762368426,1.0295289968566799,-0.30496438461350994,0.19646012593471843,True
0.7205874359239522,0.14031798487190844,0.08560011291321275,1.0107335875449484,1.8785197150472628,-0.7412266148281773,True
0.4554385217976008,0.3969274866187888,-0.5139476876291135,-1.0083321181304585,-0.8651700917469877,1.699355205805323,True
-0.02714088456425266,-1.4427575063503744,0.3452918796647602,-0.9647660494589152,-0.3598624554362144,1.0743767782542961,False
1.3871877037003166,0.5990480307606345,-1.1445104607230938,-1.0188104158966036,-0.5186957596031049,0.14617445028943757,True
-0.2938388235602761,-0.6403883466551652,0.24859872866505572,1.0168966690171124,1.6926400244655448,-0.2547210939027419,False
0.06950831934018048,-0.7593017800971062,0.41075615880432986,-0.9594162247231891,0.14823290762241087,-0.6484499361935201,True
-1.2852755795095034,0.5229230599606808,-0.8513293452190699,1.0121360197043119,0.8467795288662097,-1.212473102961524,False
-0.4590018835602221,0.6780271795171199,-1.0850675496637594,1.0121918078407044,0.18558079269842878,0.3383135908142343,True
0.8682911148207566,0.8856660542599306,0.1537731728085235,0.9832943885207595,-0.616210517255422,-1.158622411366943,True
0.5115423925095554,-0.43967509098916757,0.09356558516554148,1.0073860634966572,1.306979568526658,0.027526367850036905,True
-2.2689849802758464,-0.5813629969202592,0.06864587847057495,1.0087067045138716,1.3775876958049533,1.727697001823884,True
1.6389917312812696,-1.6413840955602068,0.636713226028619,0.9737723099792817,0.7256647526413563,0.09961966590444411,False
0.23361451280710227,0.5117414745750143,-0.7787260231962029,-1.0144645783509487,-1.5500752184577506,0.24535878934229718,True
0.6981361738952948,1.4176884404534393,0.6203111363036974,1.0220595173863791,-0.6736063336248903,1.2761995594503994,False
-2.2378979869484037,0.4913350383417726,1.0680248303270294,-0.9566256705944122,0.6973452855888366,0.2978528965053253,True
-0.5275301718165167,0.07262872542419692,-1.0551183982069903,-0.9862823089080099,-0.961786264654373,0.43092246871040657,True
-1.7249828452575133,-0.288488344241711,-0.1608774293299124,-1.0066021361764024,1.7916314648915,-0.7052264270319302,False
-1.7346270027336173,0.7231532552176128,-1.529726680586256,0.9814542418360509,0.6937361440381447,1.0191586365642449,True
0.7329106915595602,-0.13048431477710098,-1.719714039592913,-1.0071364280939978,-2.659177606835218,1.382432893227953,False
2.4317185840459885,1.0117259349665997,0.21606162654794686,-0.9488488681113864,0.12211641832857854,0.31109241022325296,False
0.1839788747303189,-0.18366069342374486,-0.28583789852227515,0.9944714153950858,-0.46665250124206353,-1.0603653853675232,True
-1.3006035755927523,-1.385750049290912,-0.4687386770088601,-0.9576811795751602,0.6704712996953581,-1.5776172076133572,True
0.5151149117238838,0.20184919861119527,-2.2120474895349376,1.0232578253631306,0.8632957462397537,1.5942156534693959,True
-0.3002310541519887,-0.09513262939664212,0.24672078539101766,-1.0185849359506918,-0.7962910016426196,0.6596769513810682,True
-0.3897768910289096,-0.13678544266849788,1.1162675935055808,-0.9358163780316942,-0.24128239657848252,1.5661957518600866,False
-0.30508743338968763,0.24216559011927602,0.733037962089918,-0.9876706087408811,0.2672958707464842,-0.8054357774389014,True
0.3437230438418164,-1.4518175485196354,0.25323915015432397,-1.0000449646529508,-0.345970969684968,0.6104515155442176,True
-1.2709727202010064,-0.3766256959831604,-2.971339955946772,0.9909304668645955,-0.7035287541467374,-1.1499550485149626,True
0.19868597851578698,-0.9480407978362098,-1.6697697576523893,-0.998982941057803,0.037246500137915486,-0.3236002387182905,True
0.4480350251163273,0.4109467774182891,0.07287411476699358,-0.9626069415110732,-0.9462306704141615,-0.7019427039030995,True
-1.7170701498023089,0.7726816896596925,0.06276840326532726,-0.9249860549813824,-1.5982024522404965,-0.10296429804286113,True
-0.8478485510662231,-0.6393451972211067,-1.173174307377867,0.9669524095595161,0.5215350007263588,-0.32702157841484886,True
0.5706259455253951,1.429617253996387,-0.9734475962656568,-0.9902333312618108,1.204530871026108,0.7606403573000005,False
-1.3607508384277223,0.4802606524553156,-0.32151759254248663,-0.9664755714197123,-0.26611651992179153,-0.24676392052457619,True
0.4476801778779511,-0.4523342588255665,0.14848757792334732,1.0029217704202618,0.3621115443438865,-0.44282150330996256,True
-1.179885884310079,-0.3609446482074762,-0.6682910028577959,0.9522476888330821,-0.01061389588618461,0.5932046672844452,True
-0.36372966470760193,2.0330233901357833,-1.657822055783892,-1.0123642512982491,0.5865314538910199,0.032964982466384234,True
2.9323489554930124,0.4049892468075518,-0.37090385971315243,-0.9763600179841386,1.3083962474071291,-0.24177104315619996,False
0.46549901225711343,0.46173015986020793,-0.2784665885758956,-1.0201303278926892,0.36641549429749043,-0.876931472455564,True
-0.21201413654626616,0.8634260032046195,-0.8555663962624788,-1.0039142017679685,0.5750802546842523,-0.8818295870596432,True
-1.1863582734183398,-0.2072222570662881,-0.10707165407538545,-1.0167758285359152,0.5492117395446318,1.0116724915536228,True
-0.42505573449890344,1.612940240611817,0.9827556161904037,0.947726581240257,2.6318421126314115,0.6270472992793457,True
-0.6295788593034268,0.5915845541147222,1.2611049266632925,-0.9761675253264441,0.2881405733103315,0.27302026383857875,True
1.9098609933419537,-1.4171222595202329,0.039527638940025846,1.0198678773886782,0.6978146888274991,0.9551921370009292,False
-0.3969308366563526,-1.082044164902535,-0.11911303838403021,-1.0022701903999243,1.6405546440526095,0.4157300370227516,False
1.101008559326656,-0.05671031998759231,-0.4087668672134255,1.0196441167951746,-1.8034705321070572,1.2104916015636111,False
0.886586643794161,-0.37696416034755176,0.479379696018051,-1.0002580117232178,-0.3111502982613674,-0.8241014089524128,True
1.105340714096557,-1.9466856388533151,0.2613884010446992,-1.009066815524457,1.9760422451277986,0.3391354033239678,False
0.11353519304917911,-0.45178160892885644,0.10511189948616409,-0.984387583619072,-0.08581609001661042,1.4483078323530947,False
1.4015184696180525,0.14754449301682523,0.1987924016030718,-1.0186738350524056,1.0262717618574535,-0.5868528441739164,False
0.8567278322457316,0.36529672080830006,1.1678148959064154,-0.9861375560906462,-2.5307665015477845,-1.5440343370030527,False
-0.80501875932269,2.43530053818324,0.5515207923349067,1.0059093342763248,-0.3026201139581026,1.7256115292915506,False
-0.8256689013802767,-1.1108671887219395,1.1677489150673943,1.0078248465549444,-0.9164988806324835,-0.11919637322058772,False
0.04695271028076756,-0.6610958888971846,-1.147192129145141,-1.0100508266840549,-2.0584633371209695,0.9653395714877042,False
-1.3145022304282221,0.2988585019391118,2.212763526184701,-0.9757646860835296,0.9976191120858978,-0.43960996650967843,False
-0.1664181926338769,0.15392387857605358,-0.10950572899004672,1.0108647393056505,-1.0158802798227893,1.627102810863288,False
-1.9440190833752726,1.155543582830658,-0.8837418764456446,-0.9963140592449791,-0.3269162651522497,-1.6558181120348172,True
-0.7496733255777589,-1.6569173898943632,-0.24510251263704325,1.0125593720149324,0.2268383146369704,-0.030719368981801828,False
1.3063134303781665,0.9363886011749447,0.374276213759645,-1.0026356465204243,-0.8944614374725943,-0.6001338844678132,True
0.9923630738523186,-0.04370578345576195,1.1407393414376383,-1.020474154910158,0.2597685168800677,1.2616358406420816,False
-1.139519934868061,0.5328655761370271,-0.31326798629945335,1.016853614986795,0.2723541684688712,1.2503206587851843,True
0.3845895635614479,-0.7025987593858323,0.29487889865797534,0.9841407760933055,1.4569422609333906,-1.2184266500525556,False
1.218587098068573,0.13577598267696378,1.130169981235533,-0.9896752760105799,-1.5099620912778604,0.4169468549481134,False
0.21045369576573605,1.0400523782336837,0.02775994024249126,-0.9882495654177504,-0.1536075536601786,1.544209527957615,True
-0.9235557254561587,-0.053405947190223,-0.35873877373435226,0.9911067525468046,0.34430806878606407,0.3211642796562912,True
-0.7549503414446994,-2.0340241613897874,-0.7327601605733441,-0.9821640474423265,-0.5775734989430049,-1.5090064639521235,True
-1.372856895444475,0.09064074174781428,-0.15223414049603237,-1.0060705591721648,1.8530220170673408,-0.06984122178246084,False
-1.337489816280889,-0.38890462634935224,-1.1019791734443927,-1.0033264452583321,0.450612874733558,0.3748345076648608,False
0.17975875608167668,-0.1053212764610233,-0.3432263283134619,1.0282203831954801,0.7971022748609267,-0.46229993311320616,False
-1.3392811229167085,-0.5737739332719408,-0.1398907480405607,-1.0033952594529572,-0.3879474451436803,1.087875739302334,True
-1.129753313080098,-1.1607936797398553,1.8649945611899743,-0.9885260626232414,-1.5350258373155612,-0.782391347766159,False
-0.1621713954874705,-2.5791429013879315,1.2597066044188905,0.9914293072879653,0.7522447227943629,0.6311244379243619,False
0.4916053313665847,-2.5173329069793255,-0.6395601972725403,-0.9954196376928698,0.06749930728785972,-1.5944775143419097,False
-0.5061369150184815,0.373800292623866,0.10303440299351643,0.9699606913502239,-0.1827282602325666,-1.2794438764305909,False
-0.5311334350073984,0.578377431333418,0.7115964258412943,0.9918077443589399,0.16330117318401755,0.20352560829420213,True
-0.17746102412668197,0.6664011382173711,-1.1168302027373995,1.0030766680952743,1.1714506475974995,-1.3425236613116744,False
-0.2955353728922699,-0.428219911619054,0.1485674738788675,0.9733888661610997,-0.5245038570213754,0.7356488265284681,False
-0.6739424478303105,-1.7442761000570572,-0.13591074460199867,-1.0144850954468803,-0.7321693181222639,1.39421472604429,False
-1.5246279890004397,-0.06390608542366205,1.5070471008850612,1.0055809203095518,-0.4139254328275062,0.7158368528419236,True
-0.3556495268966953,-1.3042729903026318,-0.7707170268494217,-1.0199383690569264,-0.9708723226898281,0.29414856561427805,False
0.4882643880894543,-0.021959413199211644,-0.699716591482773,0.9984411384739369,-0.39157144176134506,0.16944589923316408,True
-1.360460569872419,1.787183060658114,-0.015713401528872694,-0.9602050753242053,-1.240821741590513,1.1374371857411671,True
-0.28249204505236875,1.6126987741879852,-1.416695515314202,0.9898523835350377,-0.49309034894464937,0.6642538369274714,False
1.172665188976933,-0.4527564641075165,0.5266175311619368,0.9756987050117157,1.0775343400868536,-1.1839910452089941,False
-0.8046503361580267,-0.7315398974529725,0.7044974641221146,1.017957927378633,-2.057323400977353,0.21100463315372586,True
-1.605420133771761,1.6824667924621655,0.7194338431455559,1.0204433183128763,-2.658407199048828,-1.57393687879226,False
0.05510491187729784,-0.3973197551951323,-1.0416171769415954,1.0167500227486175,-0.6795765312251018,1.6362213263861565,False
-0.4654295558246135,-0.2542940167531217,0.09603210568871023,1.0125793950924982,-0.2683213297423052,-0.46198535201264274,True
0.4199473836008595,0.4711812763312788,0.8990816572755108,-0.9891306850558236,-0.14198247398113756,-0.7032854455306163,True
-0.4380907729672771,0.006453338281867412,-0.3416402071092427,1.0230229173620908,0.4697136591897262,0.021928153977766568,False
-1.3957493643868377,-0.02825309976739548,-1.3749871086753025,0.9984695624140184,-1.3535570973363493,-0.894099752018466,True
0.6865699004948536,-0.5925216725742087,-0.24405728943466615,-1.0035134334903792,1.2420839016400975,-0.5585738218242277,False
-1.4291933246204405,0.37870927096096846,-0.505300524562606,-0.9800558349780483,0.8381697601224222,1.2644233181705467,False
-0.7729041913845242,0.9567386620905115,1.305303273791548,1.0032043674839504,1.6918770808883323,-1.066108951722115,True
0.25348636036934985,0.29674988965946325,0.12706695104814744,0.9777332426009663,-0.2345292444597751,1.4755214683002102,False
0.3076054118657648,0.9076999240369952,0.7447960471803634,1.0022797274140682,-0.7175185554930815,-1.5598781460126538,True
0.09579708448415361,-0.7499501402514749,-0.4101221074624831,-1.0207088748870934,-1.345141344953003,1.6338782982477726,True
0.14455219013356752,0.7498893298233653,-0.41514721246234376,1.0127459770172185,1.4678913735698806,-1.1000982517430982,False
-1.9770753841471795,-0.4743613698114104,0.3941620751227927,-1.0134254968807477,0.7107195541752763,0.7219427487730569,False
0.43061361487971356,-0.4002753331087243,1.3157170780528404,1.0160370144738007,-0.7931346036800125,1.342972745051019,True
0.35307328660824866,-0.06647486925019506,-0.5800620314282514,0.9843756769589024,-0.46573603029415833,1.3979048930779256,True
0.39259325316705995,-1.0647651924912058,-1.221117407389724,1.0249196413627695,-0.6791746553801775,-0.05543329837544208,True
0.770587498798283,0.40583636004483403,0.3784144163471253,-1.0045603847591464,-1.9358262349566593,-0.19730130263031173,False
-2.163346652380357,-0.09399213147360476,0.10479427059006999,-1.013358554786592,-0.9387125742597943,-0.35337919877416535,True
-0.9945922166759661,1.3249303362541434,0.11795676225174626,-0.9991113442257321,-1.066238424896554,-0.26008817361430797,True
1.0124650073836692,0.0582053328104726,-1.5510868488481144,1.0141648783808812,0.0014235227724639936,-0.6535614988973767,True
-0.4345965898413529,0.9780389877528002,0.6782174696329395,0.9985964230974932,0.35824467711561864,-0.4417432949502049,True
-1.062818222749776,0.4290392440473468,1.11952018906396,-0.9564003339229378,-0.392129274228713,-0.2714473931723871,True
1.119567934231763,1.4739370551545323,-0.6421203140263418,0.9773865294616171,0.7235174751781519,1.431504504715525,False
0.9625715489909135,0.20256156290559574,-0.4520374150429764,-1.0019290110771306,-1.0091217430902408,0.16674940850373673,True
-0.15184240754291692,-0.07942800697995443,-0.6983622342020911,0.9889920625562238,-0.29411672639224085,0.388922442070163,True
-0.04012957928433686,0.0021029166501844404,0.4855794530223246,-1.0092420354751612,0.6671965253155415,-1.4238321033498882,True
-0.2876511944609207,-0.47464451966276605,0.493036476529702,0.9871064850353475,1.4689977725861552,0.3796053084013792,True
1.8414189753887054,-0.3357668418688129,-0.019674634927251248,1.0066934376424022,1.1889059406259463,0.8023249361377947,False
1.7572962783222545,-1.4147794283585573,0.03186417662447861,-0.9911544576201462,-0.028613364591006222,1.5482101698786161,True
-0.27211135588034285,-0.7390127228398188,-0.1370539982308121,-0.9439192946754048,1.4413785064698788,-1.3445030847333623,True
-0.6861248024731534,0.9317993885818862,1.9475675820154985,-0.9967024692922981,-0.7301358643343361,0.3234694717458809,True
-0.6905117917462996,0.7097144063682077,0.832592616373026,-1.0102616052957418,0.5963142227438878,-1.0863167555659623,True
0.46730213144662164,1.1110254265474737,1.107395189496577,-0.982214483452132,0.8039333386714653,1.4432106977122015,True
0.8533021441937148,0.24816281004397214,-1.1747462240098991,-0.9646057716525857,-0.7335955511852463,-0.2926903751749524,False
-0.3290499876521186,-0.9114469277499373,-1.18971183043766,0.9958491812926163,0.7517690856349427,-1.3968821342789206,False
1.4623221962812967,0.2469975806051472,1.0291030541696213,1.0185746757374854,1.5456660216957652,0.48022874720917413,False
0.6214980332636322,-0.05409864113621062,-0.39137690321343654,1.0232322207758555,0.1388368162344231,-1.601422393590612,True
-1.1596550556818335,-0.7426729814815681,0.4299681405360113,-0.9902253070311371,-1.448751516102491,0.08529497972515168,True
1.4115069882339084,0.23376136960046015,0.9549969919107913,1.027979923944782,0.16970522759200635,-1.5563241260372067,True
1.5949719152721504,-0.6615614956304229,0.3012203557588792,1.014996043210954,0.008567142759631543,0.5359879027590241,False
-0.6315871314155437,-0.46149208057999624,0.3458269931937304,1.0085916632663208,2.393320932287647,0.8487979345613819,False
-1.310786453895446,0.29641420304086563,0.03783622916621881,1.0270004455364121,1.3877722540930715,1.7230750145146345,True
0.2216360671802459,-1.1959042436975111,-1.0226532031574544,-0.9643428965086251,-0.5882881122301175,-0.2958376462361795,True
0.5232479922766783,0.1172332323599549,-0.5109110758292373,1.0151527941411294,0.27195775093538255,0.4601587193113547,True
1.130281515680885,-0.05355028503047676,1.236512857163786,0.9489271592447944,0.07025929445503697,0.17692477079106408,False
0.21291240630984173,-0.16917455985450797,-1.256221151352863,1.0166503401335705,-0.36564341363726904,0.5777288663734066,True
-0.5877950958565139,0.9663361524312433,-0.0582810529190357,-0.9883947503057091,-0.9501576460330529,-0.33398765620276366,True
-0.09380237392368453,-0.9862943561635792,1.3599264000110751,0.9834276978135627,-2.681240377008939,0.11544202008376357,False
0.9380214492725915,-1.4004071310895592,-0.8747447611561718,-0.9808881430870737,-0.3332786669423669,0.42403613300319626,True
1.6802079750244512,0.40902938424763463,0.47078266749121594,-1.0025401076884368,-0.8750928408093396,-1.255977884014807,True
-0.04634441255584372,1.6947594599088518,2.2129799917311033,0.9976522835444703,-0.2761518024835252,0.902265256398038,False
-0.4006248364924188,-0.7530971778979079,-0.7272345926055943,0.9754603971332734,1.2122374173254595,0.21683808239626393,True
-1.0909905281486438,0.09498242645009838,0.06912679779050337,0.9884742148698694,0.24827866910399904,0.7230799688189091,False
0.5994332402712172,1.3706250640479611,-1.7883563423418167,-0.9890899109585027,0.720274148427108,-1.2767256274852554,False
1.2773628729132156,-0.6168958630524657,-0.6267811904575353,1.0140336988983194,-0.5660717459980806,0.8548621760333915,True
0.24385215085386758,0.4454906400602731,-1.424002831108827,-0.9948067610503085,1.7633830084317135,1.1502472069126302,True
-0.9980434732110653,1.4076718797483532,-0.6257149894688305,-0.9920595985212977,0.31402728005186775,1.075974931009216,True
0.6224295742767334,0.7145294964281684,-0.24076399201964624,-0.9947946037843813,-0.22256583545095993,0.2900889248700791,True
-0.025272792797934072,0.5391088248476404,0.22216624159785425,-0.979293281512031,-0.06089537556187583,0.2154435596105153,True
-1.336892539180592,-1.0659709573356697,0.593327268981932,1.0181270441871306,1.5393397697134037,-0.9403861767787911,True
-0.7391835490613505,2.052307414588628,-0.986550188817464,1.0182060487191185,-0.7629540617209214,-1.2749937921834908,True
1.1567524399867988,1.139381999665444,-1.0082733498927685,-0.9854545380425404,-0.9332589574756203,0.4615766378180965,True
-0.02363414803617634,-0.12501723346555776,1.0391914775351967,-0.9896197806915349,-0.7201099063816488,0.6841403822767971,True
-0.3849337813336594,-0.2698321118457733,-0.28246850476000934,1.017849660290526,-0.07354579779379163,-0.8029203265890252,True
1.5005093912328096,1.8762125014485116,0.5700221358196305,-1.0123917128848217,0.3320758624049766,-1.1861632561182627,False
-0.12510763472818173,-0.4891939311361969,0.04273324698852994,-0.9972548459787037,-0.6860164649026307,-0.7792784512248998,True
-1.0677609298136306,-0.6321013354462197,0.9384603079878087,1.0256180186857404,0.2522826224493242,-1.0064784863526144,False
0.18849215274770204,-0.17702401538913864,0.04548600596982774,-0.9997095782568559,-0.38372930542487727,-0.6750425094815073,True
-0.8490555014873187,0.18432732112372704,-1.1912377050852803,1.0228832059713906,-1.1628746428731547,1.0296112528875734,False
-0.6594760066215016,0.059183973097474495,-0.14487885001437176,1.0197420443477503,-1.3291217959920287,-0.23847080026463524,True
0.2457650338247434,-0.769276487330271,0.42579020292203346,0.9686016758665768,-0.5046672736551229,-0.7327931893478687,True
-0.8375771167629271,-0.8958049179207218,0.48252632128867057,-1.0136426009302495,-0.3481263848685293,1.6679392250506595,False
0.21205380198530438,-2.247722756391643,-2.0145661417264993,-0.968214224161738,-1.364999181891556,-1.4100127623937189,True
-0.4858807474646257,-1.3369614824401679,-0.4129638616094305,-1.0196627825937843,1.2157482517449594,1.5903273022187026,True
0.2505814330585962,0.7204463862569774,0.21278675120758264,-0.9802849399819894,0.5418397254407803,-0.6775744802956603,True
0.8808841540450028,0.4318513864460586,0.0059449105043410415,-1.0145299004583883,0.12179407419853716,0.7646225795293069,False
0.023910611305729326,0.9769458657565667,-0.8078510463732037,0.9937063208653805,0.4692950518766347,-1.675477020410838,False
0.48943729264787167,-0.1375965201125505,-0.5469115213303765,-0.9783340238023115,-0.9569449246550017,1.1344697478945758,True
1.1446426572109425,0.2871519711246449,0.10760684690824088,-1.0147163672552433,-0.8445196458673988,1.737230360963039,False
-0.02145135903239733,1.4989194444683698,0.5846011614883071,1.025132070129378,-1.1768939086783818,-1.1073854484965702,False
-0.7440997601047388,0.6829985754424303,-1.0544226581538745,-0.9972289085569904,0.36923521414303984,-0.925361655451713,False
-3.6689499365207503,2.1874333401909323,-1.3760128726118348,1.0175962245783285,-0.36501525607214214,-0.025552980653113885,True
-1.7832464193206492,-0.183430456850232,-0.19414520999460036,-1.0092635985460405,-0.9997751612465465,-1.5714621874587416,False
0.6573169366163611,0.3210670011214235,-0.253351320124862,1.0261597923259274,-1.0651722100125558,-1.2263240986731963,True
-1.3747103883269443,-1.393799318678255,-0.011627187593913344,-0.9899557418529913,0.5974710673555806,0.5790052198978656,False
-1.0384836521364293,0.727391785864086,-1.0046667341847337,1.008476063814102,-2.260428906920826,1.362491922919277,True
-1.1048962602689774,-0.8723411263936599,0.585260635481984,-0.9914338900925558,0.21902420929987396,-0.38585246628698994,True
0.1992253552081514,-0.5480164709143933,-0.6073509174994434,0.9996361544413598,-0.7073036281111151,0.7356435500217865,True
-0.19945480804190036,1.455984401513954,1.6770339734060702,0.9483704839163828,0.4038431774569809,0.6903470013804486,False
1.2178038424177695,0.2960320205866265,-0.8233986196112959,-0.9828267519042416,-0.15509397472358344,-1.05828310055201,False
0.7002560430625507,0.4092440425264296,-1.9822357536000481,1.0236128704483909,1.4591630250126513,0.20375141850666798,False
0.8055253769987489,-0.5177171434087634,-1.4206877052583022,-0.9665109636474173,0.013839013822046074,-0.5785783932087784,True
-0.1752564495530729,-0.4085295713592107,0.7126270315941353,-0.9941854878216618,-1.086912636782406,-1.052711098164804,True
-0.410123572150302,-2.0127800101250726,-0.04275806268560204,1.018239695422024,0.029488748407994467,-1.5054209286352735,True
-0.16239009556339776,-2.0229394227938458,-0.06459181508243726,0.947777807440226,-1.4469965790327866,-0.28492775800062625,False
-0.64991691888715,-0.5545063931026385,-0.2274594872683079,-1.019287857934358,-0.7335620175234304,-1.3647736557208505,True
-0.3807995235433205,0.5058458519930686,0.4174348790321702,0.9867388873918618,0.7884593926919258,-1.5975672592914683,True
1.3123915613568689,-0.6364707663724648,-0.23942661775167948,-1.0099930755949937,0.11043509272086113,-1.3002778755651272,True
1.108990476589149,0.47220429418886917,-1.072752147069829,-1.005691751512563,0.4555387888316122,0.45543638920404844,False
-1.709518963746938,-0.09066445594032665,-0.6937309074792919,-0.9898900107260382,0.14010630150398168,-0.3076339618314055,False
0.13213190108493128,-0.1312395731965003,1.4348957589669291,-1.0107956266285534,0.4493901915872391,0.3069311685693738,True
1.6661007184237062,1.9846717337691824,-1.1755866263219577,-1.013853799205815,0.8683245623619589,-0.9368593122022502,False
1.1490946736865129,-0.7500110491743368,0.20332243413582463,0.9720332208997859,-0.20772659308188055,1.3122021544521354,False
-0.5636504296935346,-1.093357011514618,-1.4523501245656072,0.972693257250188,0.1702310758499745,-1.367040341438175,False
-0.3491126226588902,0.5318695040547972,1.1137342468675602,-0.9551186423254368,0.7536989097879732,1.73733745484443,True
0.5099468525819892,-1.555765970202409,-1.8136231789429034,-0.9961401138485028,-0.019331117288174264,1.6016745918974293,False
-0.36249470530542827,-1.2195104188308354,-1.0547177141949557,-0.9905748442998686,-0.6398458446755924,0.7114868565782927,True
-1.1425821109422443,-1.0772816846545004,0.2966326237704201,-1.004660171124692,0.7216045406417867,-1.2235816596971998,False
-0.23370388267234443,0.3061814259772851,2.6637925903444533,-0.978801612972145,0.2570324501275785,-0.48823545300240345,False
-0.4143056829739741,-2.4941406163932935,0.3639244896689631,-0.9800784523368554,-1.6970964059879805,1.1966576746508408,True
2.3199637936464454,0.8672703022118349,2.588622368500187,-1.008372908017606,0.15884621590700143,0.2702102020127636,False
-0.1655363144211913,-0.39551668333256274,-1.717382753907165,-0.9862603430222673,0.21121257769036225,-0.5668109027737255,False
-0.8332385493453687,1.3293938157788772,0.1745459735429526,-0.9685964086139065,-0.06807147359266705,1.1038668082702847,False
-2.2722113511851494,-0.02350258900818372,-0.8007824678999046,0.9518397944042766,-1.7732575648082587,1.321180123408815,False
0.018015788021802127,1.5768722740502201,0.2951138421074105,-0.9599674161935328,-1.4271342687537192,-0.10023042927291696,False
0.4618674267378644,-0.3976836623246959,0.7468454603893705,1.0264442077938527,-0.6178769189606582,-0.5540651291129134,False
-1.2773185040223984,1.0072761629572087,-1.0682293124841924,-1.009336930042818,-1.3671220369347317,1.3644369539353525,False
-0.9596510223526898,-0.1477468579722849,0.774527988713204,-0.9956256248781287,-0.6421333155118617,1.026809421856603,False
1.1358819206687905,1.1474889338156107,-0.6323640353781814,-0.9963197119052697,-1.6735335417340018,1.2585542401988317,False
-1.9175824965340431,-0.4006350616188251,0.37417500988990515,-1.0199578115869423,0.9839890714833253,-0.1573838788596204,True
0.28354541724531873,-0.7613862353709916,1.6629939989291727,-0.9447670306277037,0.0972806609360106,-0.5894466107440627,True
0.4879646086341756,-0.12702654610998138,-0.2980117160319381,-1.0095085609739696,-0.36998409639383595,-0.7211895640727938,True
-1.0280024774036813,-1.6642440686933242,-1.2441552163646792,0.9504334089061571,-0.0969464891729206,-0.21666303713915472,False
-0.2873879505619439,-0.860912993283726,1.3374437303763196,1.0299804627758085,-0.25791733822525903,0.047897809502745074,True
0.45400631343030934,-1.2076751123763347,-0.5632460801551686,-1.0120934748486965,-0.7935975395960352,1.0799988744183713,True
-0.04107173544194362,-0.44220541779593653,-3.0527572525653515,-0.9881881859328198,-0.03579795479536472,-0.4777101645736956,False
-0.5899813266229244,0.6251887624989945,-1.1341400499897518,1.0030701883558217,-0.1450930376159408,1.6666514667870378,False
0.6553374827228614,-0.44134227435149787,-0.1555857382999433,1.0237166726733804,0.7321776860397252,0.04343283300422419,True
-1.2338561708831943,-0.23758759275527125,-1.2317179470269666,0.9880037887499199,-0.7004736308386755,-0.6963763529417791,False
-0.43229295982233,0.15136829275080577,0.2777456630556725,1.0067572386482055,0.36768927923792155,0.0693776511343013,True
0.7713099124229922,-1.4146216231240838,-0.09953579506645535,-0.9591606072183487,-0.26717221803694985,0.4854356419851135,True
0.49763112084424205,0.2785659682505245,-1.4171489310614378,1.0045797084975665,1.2017790253590623,0.8356434427352468,False
2.277725075523877,1.093370355605053,-1.5250787210436827,1.0079337295760005,0.585152978272276,1.5986245858067736,True
0.24997719881384486,0.31697644505488176,0.031627490872946626,-1.0152103727632489,0.4462756593280294,1.7446116337881064,False
-0.8428754677623597,-0.8355067646386,-0.9567651992228566,0.9757731124893304,-0.9758647848358434,-0.32122395115469066,True
-1.186625387009451,0.4310945459918048,1.7629075134304044,-1.0135027376279389,-0.5520385472282977,1.3718626761003891,False
0.21461486255889478,-0.06276013209734324,0.7782949403232601,-1.0050713417401598,1.2019290003529393,-1.4006230313405288,True
-0.9032652441593902,0.21565079279954483,-0.17130955491883895,1.0028036681030204,-0.48432439839166047,1.265416588342804,False
-0.49750375978741873,-0.9963357697200631,0.2452980457761044,-0.9853121847215224,-2.5671851747525127,-0.23256784449079076,True
-0.2735555766823183,-0.0353135000741056,-0.5026339980373743,1.026693488614034,-0.6578283006431425,0.24080908178999244,False
1.0259206113015165,0.4707568362196412,-1.6823579740542234,0.9833298856218073,0.8734636077130019,1.1912354095185942,False
-0.5014202422022104,0.7258852409788066,-0.2557910729456259,-0.9761793688809571,0.5225873677884225,-0.9359617250368852,True
1.1620432643782663,-0.41601915840255976,1.7039871389434944,1.0208895283708552,-1.0420475617451996,-1.2013838028969046,False
0.5830517162161719,0.5585884516361582,-0.7086303284899311,1.0027378790722643,-1.3824588710503236,-0.3879841951733924,True
-0.18053982227699256,-1.5637133641005692,0.7262073524280273,-1.0155230946722285,0.4530370011215783,-1.3691087515238145,True
0.3786099447468643,-0.8962345166228903,-1.8838729116337025,1.0213368699581484,-0.3176001684632594,-0.665946018821976,True
0.33841965146626296,1.8699356338707636,0.06590784543383163,1.0133349674369805,-1.1088415818648696,0.5054668748495028,False
0.760482004769946,-1.4663380184001769,1.0310172238942006,-1.012569425415002,0.20657017058986532,1.5496413442760242,True
0.4636904692941219,-1.4026644928959948,-1.414926368370734,1.0188582656866834,-0.4018685480109972,0.3555568412421294,False
1.3224333431648059,1.245486238706613,-1.5276086628651555,1.0159151055052154,0.13859657657220684,1.1319439538757696,False
-0.3628905929773966,-0.052510290484389176,-0.7921030106269746,0.9976467669415787,0.7145780702673411,1.0799333630002443,False
-0.44814888630400807,1.0139528457811862,0.08956188825450062,-1.0161662200615282,-0.40892544435569733,0.7692897215387509,True
-0.8610194072383209,1.6302552139747917,-0.5016531068802832,1.0094903120887784,1.96744376625739,0.5097809116497015,True
-0.15144012896885797,0.43021960130381964,-0.7283784389511665,-0.9923057827137848,-0.7142630319086796,-0.023277154262064722,True
-0.5225213519916924,1.0402325508500807,-0.04043183354422341,-1.006454969127211,0.3532784977228043,-1.2209169316004869,True
3.128034379177763,0.16910159998559318,1.839145122853333,-1.0168579355229184,0.05770666961428479,-1.6151885090628146,False
2.5411849000497413,-0.6958359011763405,0.033939016862331035,-1.0191924976154005,0.18100693231225085,-0.4138508823059904,False
-0.4374279967468598,0.6165246698308612,-0.6964012021872158,1.0034552063031004,0.39247112850421234,1.0900208018693363,False
-0.6725179048276672,-1.5144860800627435,0.9469907849517818,0.9830099756712177,-0.7141897865442894,-1.4651181049301243,False
0.621221075375876,1.1076706089245232,0.055564021911054536,1.0276330719570361,0.8813558958053072,-0.040675470122431764,False
0.5639623047221213,0.487857672688663,-0.19935690367782696,-1.018187873706376,0.272922324835691,-1.1664769402123754,False
-0.2636301449490616,0.08110266909438098,0.03332619858209773,1.0124646577060004,0.008417159097066534,0.32155641284983305,True
0.9035290350186298,1.7727418680011338,1.1067097261278185,-1.0078413111699172,1.9814849314069858,-1.493905617543682,False
0.29224642779078175,-0.8240284855438199,-1.2791403784683129,-0.9955854800945324,-2.188933084831469,0.8704229065970052,True
0.6280860031132092,0.22317070710187978,0.4980377382096887,-0.9662332983550888,-0.9884920082602617,1.152865795821477,False
-0.974352305738238,0.17542565150360284,0.7274171217357926,1.024873583205788,0.6009409351859667,-1.044003277943027,True
1.5926279607310059,1.7362360042000862,-0.23006462639024852,-0.9990173309419201,-0.5972951982816538,-0.9948314618029983,True
1.904128138222294,-0.014242774890670728,0.8307499480159872,-0.9719851598631377,1.0238612968618972,-0.06383898615875915,False
1.5216326569755336,1.980608871300475,1.3724160871989377,-0.9774213420275532,0.5925245544288488,0.49142365886720013,False
-0.763176947659069,-1.2185484478090824,-0.32607831016278466,0.9870385317090717,-1.8546637317909758,-1.2270628300449227,False
1.1259097992496596,-0.15742713018994536,1.7558749800313367,1.0203088088207883,1.286298991305445,0.3012789975757161,False
-1.6072877395237342,1.0107658477871084,-1.1094314840100339,1.0222046863027412,1.863698084956595,1.3904654172186461,False
0.03730792790620449,-0.5720312975235902,-0.23343512148406442,1.013048295060596,0.4400442632036191,0.86092218847097,False
0.48779774079341215,-1.9926956522113946,-1.3772837591216982,-1.0064258574323903,-0.28567435412557,-0.29225522970764445,False
0.006016500475400293,0.01318251878571038,0.7113167404910116,-0.9598320692943103,-0.0035908858429108607,1.440127864016896,False
-0.45206923884319333,-0.6020253479899517,1.0684609926860789,0.9769308379830159,-0.1083719052613086,-1.6199050185066062,False
0.3773604548439709,0.33222713636231427,-0.8935333346855834,-0.9893896703444188,0.9693341351909935,0.9542970958287775,False
-1.746102040887354,0.05713511471007708,2.1184987054177036,-1.0185272209138134,-0.8048187158696031,1.0433998917001157,False
0.21860596877403876,-0.7773320312415355,-0.0818952835366243,-0.9645814604196707,-0.04510098232490918,0.2538764704099504,True
2.5813890149141283,0.7547944946002447,1.1671358865787038,-1.0193499039341376,-0.6751100218540493,-0.6077493581862967,True
-0.18426132858055355,1.1539828766095852,-0.24508276040220422,0.9757764499451425,-0.2775680289201356,-1.267271604690266,False
-0.17207817602130246,0.3029248089009605,0.05683206347981673,-0.9872056640461424,0.25251746014528825,1.227098396000927,False
1.3904166383056944,-0.6497591252744279,-2.1385844995570875,-0.9787626473911087,0.9614855174638982,-1.4293181751825983,False
-1.2263257579839706,2.4118174900947524,-0.8108931152543173,1.0290476444824612,0.0708828811244672,-1.4894198647493133,False
0.8529636011289863,-1.3123634926315941,-0.09372059546960818,-1.005200234402037,0.016155230313953377,-1.6244973427196363,True
-1.20798300541269,1.6925107397093335,0.31447025995197686,1.0132332635431753,2.0499187743853167,-1.1115798904035807,False
0.2199473293552638,0.7478978145035772,1.3185073993808767,1.0261301561621285,0.42431051512447665,0.19240808427490894,True
-1.707281856385632,0.09228229257250976,0.9065254566899829,-1.0029336957450987,-0.23213204352383315,1.2212117666009965,False
0.056140485009823264,-0.8519191364874857,-1.0579610025333621,-0.9587558430700377,0.10715876600308802,-1.2960723131908567,False
0.05594939395972167,0.545711063125271,-0.33036207899644154,0.9999741093555964,-0.9424984558232999,0.32119834124133834,True
-1.452253309520232,1.1346095602549864,-1.2371924301116588,-1.0038570942737035,1.899488525787703,0.2978076510688204,False
0.9446505716919213,-0.2495471164948599,-0.18853724237806854,1.0011532009311699,-0.24874485343502042,-0.4156547098238625,True
2.166118718734862,-1.1109244246992538,0.029082790297107676,-0.9988507354120462,-0.6089750291349421,1.618837440351377,True
-0.004642706026961352,0.02902921579275014,-1.1787300943776788,-0.9761547662647012,-1.4288968375862767,-1.3195390260925346,True
-0.3953353808399053,0.9832050233111349,0.19144029263413284,-1.0198325696121764,-1.3220230635985695,1.2374177865179121,True
0.4818720086294331,0.7754738869184884,-0.991265933464208,1.0280852579947986,-0.4463355700346692,1.0568726226758667,True
0.7747104438648361,-0.9406937368098376,-0.15697582504365612,0.9775229028008946,1.2711154444433448,1.2809321452542421,True
0.24707475138014134,1.8641901261013776,0.8839421271442004,0.9915023124194113,0.7647717489780472,0.51818542577752,False
-0.7590033527449986,-0.6483187041993582,1.084315479298882,-1.0017458185831682,-1.1402172582693813,1.615582607000014,True
0.1817161652224286,2.1022360759507706,0.9245922905843067,-0.9988738773883542,0.20879316801996523,-1.3775394135018488,False
-0.5417523025746881,0.5952324894082877,-0.1500637436820752,-1.020635705402578,1.3170065661183823,1.3189375347812322,False
2.8480015447621345,0.2285571964102873,1.041769275679771,1.0104781270613445,-1.4781158854193401,1.5186178459449113,False
-1.3083436371549217,-0.390561312922822,0.23941132455507536,-0.9733249255476598,0.7638921504980792,-1.381291242177429,True
0.9924528034522607,0.013067007075339775,-1.8811754505992868,-1.0195700617650385,-1.6437972206467701,-1.0404267408976162,False
0.534643143876186,0.12031305975990816,1.6056082556708258,0.9995992467008421,1.3755876900518431,-0.16032013489089483,False
-0.048639236281288016,-1.1071576604637363,-0.05038697533806803,0.9954219151910969,0.9023954402692249,-0.3368357435962524,False
0.09991780147638499,-1.3053386001816054,-1.646114521355652,1.0169971440649652,-2.629035311800947,-0.5228239277361126,False
1.1309376219450662,0.30642643390664265,-0.06440057151728559,-1.0159777226755218,1.8165485572114641,-1.2216953371888302,True
2.1361370319350943,-0.22295278244589306,0.8498368048305851,-0.9947493248259224,0.32179643468701874,1.0499322032245282,False
-1.4902939575337173,-0.7693584802735415,-0.7421343279954774,-0.9642578663016849,1.1518595699692074,-1.4043092405314863,False
0.136344928607226,-1.912717854749736,0.13672023915207446,0.9974297638291977,0.9034685759796087,-0.31287381751884424,True
-1.13520288630975,1.4650722452396296,0.6962499803085915,-1.019440076974387,-0.0352251861282535,1.2458696833730751,False
-0.6302644371833591,-0.4110511025608589,0.8214303414610521,-0.9904970945975619,-1.4211165745780283,-1.2437689301649413,True
-1.0481612016405724,0.20257278101013942,-0.0024711584290661526,-0.9705740269235779,1.6707170963489493,-0.12605291086327203,True
1.827985620206202,0.5036730914491797,0.05047649539210276,-0.9966091012328803,-1.2209537878790366,-0.07069991676864544,True
0.6549296254815715,-0.7234076365598292,0.5554078456589863,1.0071136985590634,-1.4705392689045984,-0.27777767814403,False
-0.18243808123926009,0.7449026087797589,0.7359873043194308,-0.9775355452127223,-0.7404654390039223,-0.8400634502432822,True
-0.08185644445772695,0.9687309524155532,-1.0721728485697624,-1.0034664107761888,-1.2318189769662091,-1.5846427504362852,True
0.1663117659388042,0.2188938831752201,-1.0705126006004826,-1.007419737352878,-0.15884285689871447,-1.3609715527212058,True
-0.7645212071508497,-0.23852836696177354,-1.4433894274867844,0.9998076956618008,-0.26362284623752696,1.5100223717045347,False
-0.8819403005192745,0.765190387252152,-0.428357078503182,0.9902717663838707,-0.05460879346983158,1.7219648147905549,True
-1.6604929435005515,0.6601428881846048,-0.5557795902012728,1.0237262332794168,-1.3166825994025952,-0.07161518795358643,True
-0.19558377993436213,1.1507999248170917,0.8908187560391172,-0.9632614011338688,0.06725124684918969,-0.7237382820798275,True
-0.8223852860722316,-2.1419037300996204,0.1168757738985977,-0.9817274029947144,0.554174793497195,1.0087075888628445,True
0.7614914324514427,0.13906989968376335,0.6721751465655139,-0.9865438076720878,-0.5663734308009781,-1.5004507994049077,True
-2.894265569421239,-0.4849409292858244,-1.1079795803431287,1.01858175240503,-0.9536750722708467,-0.2748790653602003,True
0.3389599218303869,0.14446750027905933,-1.082823251382577,1.006134124885414,-0.2663192299315993,0.16236498470835292,False
1.8781647753021602,1.234082705367794,0.8762705463913282,-1.0186086924645235,-0.8498236037857279,1.715244121584436,False
1.2811303774931335,0.7700925432377004,0.653309530342966,-0.9857473730194874,-1.3231453035821352,-0.9123579417204924,True
-1.0979563718006033,-1.2787562878293803,1.1995345096554537,1.0235834588600825,0.02848767397057258,-0.4015256172011601,True
-0.5012629691489651,1.529890120444439,-0.6020978287346254,0.9978621723073527,-1.249922829269141,-0.847740065459977,True
0.01660354640220957,0.4714718124265229,0.38846753165140185,0.9622202610414538,1.7105371415702593,-0.1931035045673357,True
-1.1264615679106114,0.5346573432208301,-0.34425241993020694,-0.9912950902882874,-0.714651129082094,-0.7698023923559324,False
-1.888043079887642,-0.5375959433845319,0.5028522284962689,1.0239255809093617,-0.3340819057998355,-0.48674888658819027,False
-0.2595746363324438,0.09821801724091829,-0.0004251036388833495,-0.9766984418739152,2.1040224257934277,1.2781105605742398,False
1.1262255323577242,1.0682492548315747,-0.05538706470746957,-1.0164704976566814,1.8768654040049795,-1.1720123037930688,True
0.018370413584708815,1.3724149394499932,1.6087567558603217,-1.0117492923682683,-0.934542560314233,-1.4625181486130632,False
0.6299381447390812,0.05765253742671243,0.2124020743900891,-0.999932061771758,0.3310836725838308,0.046922467219212546,True
-0.8350294655983793,-0.5180979691103419,1.764786043308942,1.006193150731211,0.7000522647412352,1.6903140308468156,False
-1.2559409036851654,-0.24350949471574537,-1.740590336816949,-1.011119345615932,-0.40150440836891366,-0.5113015262621696,False
-0.31502037463960797,0.25090710170824276,0.8557729676484697,1.0221791617187332,-0.9370407382063024,-0.7550876613852041,True
0.7315950989906996,-0.4275496081699703,-0.9688013771631312,0.9932777901282963,1.6292301161278686,-0.40273132059705274,False
-0.11883993384092717,0.15673356486083356,-0.7224889014762204,0.9967674626211827,0.11642520647692352,-0.7757625516474155,False
-0.24494554605244048,0.9090933885160856,-1.5248040284886006,0.9780130475487215,0.6243361662260236,-0.44041769849166884,False
1.3635973695588555,0.5875002941164854,0.3184604935187239,0.9929510327913347,0.21177055595282346,-1.136258940870193,False
-0.2918024233853216,-0.9724711577743933,1.2110988534706477,1.028050941782155,-1.60485919835942,0.5296213658983532,True
-0.4250437327287877,-0.21849533377421698,-0.26720333859263606,1.00271259544381,0.9047964896401008,-0.6381616196367075,False
-1.0904194307234267,-0.4822830829101527,1.3341231930720951,1.01594314419439,-1.4220155004797501,-0.9671978610137453,True
0.48043582336394364,-0.2741300106232961,-0.7600965616330785,-1.004108604920529,-1.612767562774305,0.03356622226245611,True
-1.0558391329609709,-1.0027965552861584,-1.3221218563527461,0.9982215284409992,0.896157433437566,-1.4277740377794155,False
-0.13220859165208512,1.015630196207307,-0.6825688609137174,1.0141115087425492,-0.6044184617218589,-0.9058219793069773,True
0.2620863440591036,1.183537978364479,-0.9816955171179329,-1.0008296073845586,-0.8934880107389384,-0.26258582513574996,True
1.7009964199088523,1.2733120742273814,0.02792830066237015,0.9795915795158412,0.5035892667016667,0.6093119430457071,False
-1.3769176926237405,1.4138745391954035,0.5886243027992052,-1.0098758655834164,1.846033814523538,-1.6263797197044128,True
-0.31347796150445445,-0.14778745522655024,2.0019070619332755,-1.0031314572928045,-1.1135602927382051,0.282049537787231,False
0.3045686232553835,-0.9203066482291067,0.4372027554657816,1.021416701604672,-0.12537794156495974,1.0182267247740995,True
0.5903448758042962,1.2064634268546517,0.3255243815184203,1.013432138242039,0.4412911110022572,-0.9611132572094228,True
-0.1356850106710259,0.8927366587651201,-1.371651013868476,0.9702860949919113,0.06155211723465119,0.39804973023102386,False
1.4069523780319226,1.036426991738212,0.7786607486915846,1.0034544922190745,0.1624154214711758,-0.21976200945989124,True
-1.7244862836275594,0.24393218881831255,-0.6743627808784354,1.008011555847006,-0.42621826916623623,0.9587001319559585,True
0.0625756913438236,0.7511311582282513,1.4407191772429015,1.020779157979554,-0.09153611951051047,-0.5397503897473195,False
0.7590319396773553,0.7752686499477414,-0.13629272293808534,1.0287294877882083,0.2130079098124886,1.4152255794322652,True
0.2210480356713509,0.8609370596199438,-0.26527089446729807,1.0250505002678965,-0.06897546972829362,0.4282066318977205,True
-0.0315706724410532,1.9545760760179771,1.8173711813998736,1.0237711476841076,-0.2600003732482173,0.10404188649520012,False
-0.5750118391622988,0.5241595015302004,-1.3086516035799503,-1.01490698187898,-1.3095209321701413,-1.0470037051198762,True
-0.6525440617424159,-1.016329559070501,-1.5358165908527797,0.9978551273725961,0.7785524058863752,0.08021599854963898,False
0.05474574703720644,-0.9666252940695388,-1.2718023324539316,1.0254545851314898,0.12435926592861422,0.48369480578227547,True
-0.27513001349772315,2.182989035554113,0.48392260350655153,-0.9897619144792391,0.04123278523467541,-0.56000787298064,False
1.7802891801618088,-1.2645572954120998,-0.8616022385907338,1.0166169654264023,0.19618228426664364,0.5162630324444841,True
0.9814498616985069,-1.881065230850974,1.3252684409235531,0.9932134851990914,-1.2717355765836797,-0.06114482101034444,False
-0.8165634591027573,-0.2737528434167347,1.2921252663651352,-1.0074088586187644,0.9892552517309695,1.0523760280286119,True
-1.5825855993493156,-1.2100041785852615,0.9711203491052388,-0.9806605517833702,-0.012742217628262173,-0.2942280681229303,True
-1.1556585924861291,-1.3574738127863717,2.411531651224113,-1.0125928946715355,0.26886578643638753,0.9958532693417629,False
0.42554389356289507,-0.9946216765781721,1.328710187655046,-0.9967242825904804,-0.4864517540461779,0.3620229880382548,False
0.4030066155797147,-0.8284270824827744,0.632523684467195,-1.0125408730756382,0.34306021972657197,-1.330366986105936,False
1.3399532927742137,1.0249188311761532,-0.48599006329752076,1.0019109150491818,-0.9852387246507223,-0.9483742996723216,True
-0.03037409825015273,1.602658926297629,0.9340630722325557,1.0049217389685658,1.0274033438991046,-0.40355793637299253,False
-1.0460950065397976,1.6599132170693636,-0.4836644086444369,1.0004543513743853,0.4617762494055493,-1.4360500594741035,False
0.024137962895261763,0.8953223553680626,0.0471273053155568,-1.0140293435655043,-0.6698256442247634,-0.6836572474695386,True
0.12130822918160435,-0.09042663311983166,0.09542409228640296,1.0213927023744542,-1.0516082228018389,0.13835532025627975,True
-1.5109423763869563,0.032131965005797555,0.4165462655968517,-0.9966757325355461,0.7501210944874589,-0.8739959482558062,True
1.0588820452955277,-0.039762886747046144,-0.7020587592520251,1.0253544780280346,-0.8734499598221067,-0.7279142095557779,True
-0.17387540266525395,0.34878722142490287,0.40392382404057026,1.0094354535602128,-0.007836042458011318,1.3117700494211004,False
-0.6241793899292629,0.3855616054031996,-1.1385713867766085,-0.9945522070340788,-0.35836627492224543,0.5432005543796942,True
-0.6517011443641141,-0.24403860293425203,-1.0433268312965933,-1.0133317606648142,1.6840133998917781,0.7011778349206628,False
1.2971645343951752,1.1803483306433968,-0.5234236661427337,-0.9578958124363914,-0.4396791492254655,-1.1969898639111587,False
1.6788666594915846,-0.12568653502620766,0.009183219979175117,0.9969653864953987,-2.026351292650696,-1.2264617379100897,True
1.2108556754458988,-0.6865557940083163,-0.40106807254816235,1.0088192654209922,0.15374790817996126,1.0105063483507,False
-0.8117819277746866,-0.2482255835211991,0.37500447914719715,-1.001026712196673,-0.5250259675746256,0.6042576526275224,True
0.5387869205360566,0.13982963828081205,-0.3532157451777016,0.9816573702123065,-0.5787598217732173,0.9011446296306895,True
-0.02604150005589391,-0.7846664109817326,0.14214118348500532,-1.0090759970561605,-0.37505634549890265,1.4464304334935218,True
-0.21549038394882192,0.06476627664106864,-2.2192408990501296,-0.9776353148643541,-0.1085461965773053,-1.414361988413501,False
0.10967483190435125,-1.1928700216078783,-0.8988958936513999,-0.9857146294368005,-1.0176358302813173,-1.5293376570833896,True
1.857042358459636,-0.5493742880366035,0.379424761056153,-0.9485887321318481,0.03171392828567768,-0.9394537518039068,False
-0.46676637372150437,-0.09592028914712004,-0.7665164985844228,-1.0140602199567903,-0.8875959618478603,0.334514331464067,True
-0.9629689674338358,0.5820832744030816,0.00137983638983966,-0.9992872848646139,1.8563294948707316,0.5199766148750856,False
-0.8560061445995478,-0.8985733111360198,2.237956454004771,-1.0112700843181388,1.2186161915334732,0.142749702057795,False
0.2692891504215115,1.1216623414596383,0.326515211827068,-0.994544494956836,0.23760634769512542,-0.049038623178605245,False
-0.15169940884149502,-2.2647607948369504,1.6243087271461676,1.0204849055424998,-0.7519541498028621,0.2675966254698539,False
0.8127812689342382,0.6962319244812257,-1.1056080444714047,1.027518849569009,0.5542030859415514,-1.1015606145445145,False
0.6266078820502976,-0.5381040887631033,-0.6879722410030109,1.0180503595179295,-0.08437048330116845,1.5648155030955557,True
1.7907190863162052,0.013205074931124845,-0.21709671425744304,-1.0124558397575445,0.512204605225716,0.5594621515399599,True
-0.23134068100582938,-1.3212518199049152,-0.09256311445369497,1.0058092241361702,-0.0629580803598095,1.224322347521943,True
0.13269639933114408,-0.11254343144656195,-1.985458006189503,0.9951240665840038,-0.2069987769412582,-0.6053017540196057,False
0.5296452272052596,-0.19528812017571576,7.748924697822291e-05,1.0210633781513292,1.3584140131547822,-0.6060810530180649,False
-0.09929810251793256,-1.4671519482786861,0.09552805255356824,1.0273091102927283,-0.6956373267373942,0.22465841332713568,True
-0.19507908733875015,-0.6372220034246627,1.5613207833005085,-1.0112185359600556,0.5931648050054905,-0.5842453743199503,False
-0.04087155799898376,-0.007660242041378644,0.5488063545736043,-1.0144774622360655,0.4382401451962831,-0.2607172691692266,False
1.2295648300732498,0.5386982200766437,0.9366666104804259,0.9537374782004294,-0.3515347412833135,-0.057471061962581366,False
-0.1368080290183617,1.879640495068513,-0.18035646363628027,0.9582126129393957,1.0562716062774193,-1.5459767110223506,False
0.3900692960141239,1.304529437104204,0.7071272844676787,-1.018431072979784,-1.015678538379128,1.3460799995224961,False
1.2151739764546334,-1.308457798917762,1.4348371044474197,1.0176144483393985,-0.4342504346781044,-0.6072155052942099,False
-0.4585989675913234,0.481548494338061,0.6091066328713154,1.00578438092006,1.5899905191071293,-1.5774135015583437,True
0.32497382615530057,-2.629669413147731,0.9099996227749586,0.9576448808838384,0.09416759348191414,-0.45573660097692514,False
-0.803066237810451,0.7319720660282948,-0.6084922332561901,1.0061921600577255,-0.2275095882121315,-0.6773489995627052,True
-1.3532216042335246,-1.0653135239262772,0.7677851647573355,1.0223289269471385,0.010003678941176179,1.024389445086184,True
0.1929077717059398,0.03461581542616409,0.14830739590848332,-0.9949983328296093,0.02467044358216939,1.5656033424161684,True
-1.1701393540524485,-0.4234804503582094,0.36669982160131387,0.9977714152149153,-0.9085335744354472,-0.8155296649264634,True
-0.09654669463006195,-1.516133385879681,1.0898284985251439,-0.9761152635571849,0.6340058147256236,-0.5213503188506948,False
-0.2712863865448031,-1.4527440681770982,0.8044890330831699,-1.0005622411761121,-0.36042035122718746,1.7481580843355617,True
0.4842555319028553,0.2618883002610685,0.9652827439332012,-0.9934468108706953,0.3537567803180343,0.5491409972281293,False
0.07160092262285897,-0.14886193896517083,-0.2990617912914119,0.9987933985882989,0.8122509240935087,0.28434305610626065,True
1.2061836568031312,-0.3902468271504124,0.5954808277567785,1.0089376271791133,-0.12814787454672058,-0.3618872231907019,True
-0.4920281731949948,0.952173454992565,0.6828097367363973,1.0248509199580051,0.38026693493611585,-0.8157633845008202,True
1.130188825397624,0.1442946818645143,1.5561833685509552,0.9779163207321516,0.5654113078670793,-0.3028594001474234,False
1.6990997299832327,-0.8893860988700987,0.19355203409589264,1.0126530701666785,-0.6719398038906355,-1.6535387557471941,True
0.030277734287079847,-1.818622856698397,-0.5164166719955228,-0.9904625397909165,-0.06429915756840814,-1.033246973186281,False
1.456892273837049,-0.39523317671587366,-1.2268832861755217,0.9882891343972211,1.4187405031959446,0.31820194799683194,False
-1.7595740509138906,1.6941562837125714,0.6841720730657771,-1.0185041591686965,-1.4360233366597621,-0.9227880468002604,True
0.5007600492370491,-1.365464932489188,1.49248568346193,-0.9950423440617725,-0.1680763725362231,-1.0082937645557466,False
0.3569591022542632,-1.7889149960546493,-0.061601673623367596,1.016549019936272,1.3718085364779216,0.5903545441943263,True
0.8362514275033489,0.047730861674248636,0.3392263965651434,-1.006477836011343,0.6740288907330044,1.1570229418612457,True
0.7190828756547022,0.9370435892225095,0.4554454305121774,1.0137005975264926,-0.2853966455564075,-1.399193833644885,True
-2.403095461209917,0.9524281576510885,-0.5651134624525631,1.0269774603528805,0.5494648869582422,-1.3302978990873024,False
-0.08574977907971057,0.5362845812605291,-0.32268828963245216,0.9928568367550019,0.19328592024192512,-1.476218550145709,True
0.795734370002097,-0.08937124673579898,-0.3453542416099919,-1.011292760231226,1.2213217389209325,-0.220786230239391,False
0.2853652986504722,-1.2027311516156625,1.5938961237992733,-1.014087063132029,1.547797115711048,-0.05941381680570512,False
0.4087644245740292,1.2597632836500239,0.5177239673354015,1.0211904697631442,0.4870822561998572,-1.3974158740932912,False
0.5099766900747287,-1.5011195857153872,2.1624636095270375,1.0126855098712426,-0.9752499901001562,0.05938575952553398,False
-0.6277067811375519,1.3442989945559907,-1.75586885855825,0.9885181931504555,0.8713426056912116,0.6562259792852981,True
-0.503090872400675,1.9146441553702982,-1.34012047949088,-1.0077540717559812,0.36877113042301823,-1.666028630653819,False
-0.19496622176543035,0.21794724209202876,0.048063868889365285,-1.0119444738677597,0.9302835298676219,-0.9001303575078343,False
-0.3994498384812566,-0.22274061795784625,0.4478837866410241,-0.9858472988015411,-1.077410861188166,0.8049669413872793,True
0.8548774208401285,1.7837591330120823,0.759225883490004,-0.962185637382869,0.04811134255183004,0.40538315382312334,False
-1.2225597685754106,-1.0107307497386624,1.1235516482672576,-0.9840523767196603,-0.4340566140734762,-1.4504519282037551,True
-0.12513102441286175,0.7127019489793613,-0.35786703696459354,0.9833603241349087,-0.40138788435626155,0.4479282042588893,True
-0.11138855503290941,1.3846516795112942,-0.5838753469012826,1.0291111925864018,0.934364227124361,-0.731301127377236,True
-0.131798303448501,1.5648035941566767,0.3374513837235691,1.0141164761258374,-1.3685502113400034,0.4945097064775723,False
-0.19925671042451037,-0.46282394926220194,0.33595601236241435,1.006761598585543,-1.658445222429169,-1.0615341364818727,True
2.067253019868981,-0.4358256199980775,-0.23137797226865045,1.005735097659174,1.0978592885350664,1.7286538731216095,False
-1.0224139340475653,-1.4848317028171945,0.8624778724677337,1.0006732640045235,-0.13584287617686733,1.0983242165969715,False
0.837725165809058,-0.30393827047020844,-2.0278902652443613,1.0239618823401004,-0.19899311114278945,1.4362696683394924,True
-0.34163134074309914,-1.218637202161449,-0.19033458333973038,-1.020777437918615,1.223235785481276,0.9810606644950611,False
0.2603219662569435,-0.22615298380682866,2.1292134575294677,-0.9863903572425391,-0.6634214306413138,1.4997582473106934,False
0.3848391020812589,0.26820080086018255,-0.16661547349957018,0.9579111661196478,-0.35073743855753525,1.5555334355871036,True
-0.1305055414124565,2.1507930148199947,0.5153242932458271,-1.0087611263792144,-0.07269559726638992,-0.38193052116056686,False
0.006613189102208013,-0.7022622901525717,-0.1065508407646787,0.9730833373036267,-0.0547616659663882,-0.03145871058857744,False
-0.15017250802563925,0.0668902214967191,-2.743495776561988,1.0141342454470876,0.9299258027391515,1.512053717321574,False
1.5098566592440426,-0.09361037019065244,-1.2805093575804083,1.0101616849785484,-1.0516290161646782,1.3386329494527145,False
1.8058882260123896,-0.5076414474157543,1.082767025898961,1.0288078519805277,0.12620701846751708,0.7924280868464042,True
0.6793199887346364,1.094719028816627,-1.0230376446756169,0.990951553304432,-1.2823495363761352,0.8476440195443,True
0.029752943060947938,-2.202861581962036,1.436320211250782,0.9825451529168139,0.2016036307063877,0.6567113245973246,False
-0.681156646809649,1.2508240840047786,-0.33530878476157316,-1.0182102666414263,0.594993094545472,-0.45187017295611914,False
-0.32222842583244476,0.8117257275776892,0.19797026674874502,0.9997694302332033,1.9137327888734357,-0.2967609100642031,True
-0.27581104086696256,0.6002886108377276,-1.4389281235974871,0.991387849731318,-2.3247841370240696,1.2635170887949396,False
-0.46282764743589366,0.3178399167124231,0.4096557349919623,0.9981973226235663,-1.9141850418241422,-1.0073905700196573,True
0.5014439542148156,0.35466118051792417,-0.7906425502588718,-0.9797072801266359,-2.0602098909946105,0.34105468089755164,True
-0.9768745495353262,0.28838224378967336,-0.14177688825470622,-1.0035861464842701,-2.0497189687017388,-1.1665097185265745,False
-0.8627162788843282,1.7572945491486525,0.5612135058942292,-0.9964591956937586,1.1420786806243182,1.5669397556891054,False
0.9686341625200047,0.7465124956009437,-0.1564002122973595,1.0051090474772242,0.798257665777793,1.2591436911317966,True
0.4941120437538551,-0.4325126540121617,2.4621296330264837,-0.9623605199238038,-0.12976764067626217,-0.8170546307122979,False
0.8739859455864817,1.1653715799491515,1.593418471082043,-0.9974883973452457,0.25214618354591056,1.5032812643408882,True
-0.5789340404225564,1.5758954881974383,-0.7219760483479316,-1.0184044831903227,0.8774971413544189,1.4509002639748503,False
2.6643435455176823,0.5598459386697517,1.114183067562633,-1.0035179597976849,-0.08970018213421256,1.2083705589466145,False
-1.1862622745857123,-1.039672544173877,0.7956709398954451,-1.000522651887743,0.8342985862785994,0.33549447098782254,False
-0.03778236545262786,-1.4006628240293124,-0.408686510265968,1.0222556425969314,2.7401125760126033,-0.8710148668075741,False
-1.424959087479881,0.7375047812779683,1.6994979262806091,-1.0178651461911707,-0.1540107355648334,-0.5252687013306859,False
-0.5703388025781608,-1.243023953770195,-1.5747391042331331,-1.01887433034166,0.7489784552871215,-0.1675057764517635,True
-0.45376731000050474,-0.7432902038300523,0.3827203054099249,-1.020184281742129,-1.2565026801085197,0.19399486869104585,True
0.44696708512798,-0.34888871114312375,-1.6831269568442901,1.0112180739952041,0.6332574627868552,0.2541802816728401,False
-0.8125544896881189,0.4344693080799067,0.2970292423076883,-1.0192478180731,0.6910516965366456,-0.9482946962368077,True
-1.6356440489432895,2.8382980673238274,-2.13464334248075,-0.9720927882264028,0.07787167057273216,-1.0743926097667469,False
0.3596825362847839,1.8542041065206138,-0.7706318056388991,-0.9938891660779524,1.1256740761790265,-0.42144250307426234,False
0.10358824557511416,0.2665154012264712,-0.633541250568086,0.986661479095212,-0.8245787849765311,1.7016911991034704,True
-1.546601905406782,-1.893781249167782,1.6070238688762282,1.0229014035626995,0.8660106786438652,1.2606601114109788,False
0.4262027811111516,-0.489072616983619,-0.6910578790827568,-1.02038621251853,1.0745251101251023,-0.01641697896373876,True
-0.39120273695497965,-0.23111673198990298,-1.9183115106227235,-1.0200179793298927,-0.11939762756035337,-1.2093530580241794,True
1.7177422852680635,-0.08378515507788709,1.004947773945294,1.030088436156852,-1.452652219282906,1.3042839206771584,True
-0.4495698467019955,-1.7445237022613604,1.11250532500821,0.9633549439161456,-0.7896936207155657,-1.441129420004691,True
0.9173732406620674,-2.0865832916919143,1.1854287529958498,-1.0120931314371164,-0.6524674083850105,0.013325135776921584,True
-1.1602960799839426,-1.2524459012823348,-0.6463372325595257,-0.9960151322443986,2.6827004199101574,-0.39143235987138736,False
1.7378349811354146,-1.4990209380309525,1.0153713087231702,-1.001541583878206,-1.125470044661199,-0.9000518174802489,True
